{"cameraMode":{"drawMode":0,"name":"Shaded","section":"Shading Mode"},"sceneLighting":false,"audioPlay":false,"sceneViewState":{"showFog":false,"showMaterialUpdate":false,"showSkybox":false,"showFlares":false,"showImageEffects":false,"showParticleSystems":false},"in2DMode":false,"pivot":{"x":8.325519561767579,"y":-5.3447265625,"z":1.4819531440734864},"rotation":{"x":0.2966429889202118,"y":-0.2600495219230652,"z":0.08430840075016022,"w":0.9150280356407166},"size":12.221102714538575,"orthographic":true}