{"cameraMode":{"drawMode":0,"name":"Shaded","section":"Shading Mode"},"sceneLighting":false,"audioPlay":false,"sceneViewState":{"showFog":false,"showMaterialUpdate":false,"showSkybox":false,"showFlares":false,"showImageEffects":false,"showParticleSystems":false},"in2DMode":false,"pivot":{"x":-2.4327330589294435,"y":5.6804399490356449,"z":4.219141006469727},"rotation":{"x":0.5040667057037354,"y":0.217732772231102,"z":-0.13301362097263337,"w":0.8251165747642517},"size":8.886698722839356,"orthographic":false}