{"cameraMode":{"drawMode":0,"name":"Shaded","section":"Shading Mode"},"sceneLighting":true,"audioPlay":false,"sceneViewState":{"showFog":false,"showMaterialUpdate":false,"showSkybox":false,"showFlares":false,"showImageEffects":false,"showParticleSystems":false},"in2DMode":false,"pivot":{"x":7.1083831787109379,"y":3.860738754272461,"z":29.37798309326172},"rotation":{"x":0.08194180577993393,"y":-0.5564439296722412,"z":0.05526856333017349,"w":0.8249865770339966},"size":41.45799255371094,"orthographic":false}