{"cameraMode":{"drawMode":0,"name":"Shaded","section":"Shading Mode"},"sceneLighting":true,"audioPlay":false,"sceneViewState":{"showFog":false,"showMaterialUpdate":false,"showSkybox":false,"showFlares":false,"showImageEffects":false,"showParticleSystems":false},"in2DMode":false,"pivot":{"x":-20.90731430053711,"y":5.720579624176025,"z":-8.77004623413086},"rotation":{"x":-0.01422969438135624,"y":0.9732984900474548,"z":-0.06286497414112091,"w":-0.2203090637922287},"size":2.7247447967529299,"orthographic":false}