{"cameraMode":{"drawMode":0,"name":"Shaded","section":"Shading Mode"},"sceneLighting":false,"audioPlay":false,"sceneViewState":{"showFog":false,"showMaterialUpdate":false,"showSkybox":false,"showFlares":false,"showImageEffects":false,"showParticleSystems":false},"in2DMode":false,"pivot":{"x":0.0,"y":-0.029999971389770509,"z":19.3369197845459},"rotation":{"x":0.04548218846321106,"y":0.36583495140075686,"z":-0.017902523279190065,"w":0.929395318031311},"size":34.695777893066409,"orthographic":false}