{"cameraMode":{"drawMode":0,"name":"Shaded","section":"Shading Mode"},"sceneLighting":false,"audioPlay":false,"sceneViewState":{"showFog":false,"showMaterialUpdate":false,"showSkybox":false,"showFlares":false,"showImageEffects":false,"showParticleSystems":false},"in2DMode":false,"pivot":{"x":53.092002868652347,"y":2.3377151489257814,"z":-12.514936447143555},"rotation":{"x":0.07248108834028244,"y":-0.6717614531517029,"z":0.06631369143724442,"w":0.7342255711555481},"size":9.649291038513184,"orthographic":true}